,Model(With Numeric Conv),MAE($),RMSE($),r2
0,Ridge,7646.068683193346,10813.558371434288,0.06900052066526385
1,Linear,7646.201322540793,10813.699684129111,0.0690043591051267
2,Lasso,9715.259451502061,13860.453691272889,-0.00010188986641002096
